loan_amnt,term,int_rate,annual_inc,dti,credit_history_length,num_open_accounts,revol_util,delinq_2yrs,loan_status
16795,36,20.25,75690,3.9,11,14,79.19,2,1
1860,36,20.96,46086,22.36,17,11,40.23,3,0
12284,60,13.71,36859,20.04,29,2,42.5,0,0
7265,36,21.36,27684,28.25,17,9,38.29,0,0
17850,36,7.4,111088,21.37,24,2,71.91,4,0
22962,36,15.89,21207,21.63,4,13,54.75,4,1
17023,60,5.12,66099,17.18,21,3,94.38,1,0
2685,36,11.49,87496,12.35,8,7,25.09,4,0
1769,60,12.33,86093,19.29,5,3,10.06,1,0
3433,60,12.92,49689,4.74,26,9,39.33,0,1
6311,36,18.91,68651,38.46,16,6,61.67,1,0
18568,36,12.77,33893,28.58,4,3,86.08,1,0
20769,36,13.97,117808,38.1,28,9,34.62,2,0
29693,60,9.75,86418,9.07,22,1,65.38,4,0
7396,36,12.47,145074,35.17,29,10,35.02,1,0
28480,36,9.55,123065,32.35,15,3,61.72,0,1
26658,36,6.46,80011,27.09,12,1,88.48,3,0
19942,36,17.07,58635,25.0,5,2,23.14,1,1
19431,36,18.36,76115,12.66,23,12,40.42,4,0
3747,60,17.39,115071,32.66,16,8,99.33,2,0
1189,60,14.27,98405,20.06,14,7,86.86,0,1
20118,36,12.6,92702,2.84,10,2,56.46,2,0
2899,36,22.27,98518,12.51,7,2,51.66,3,0
2267,36,15.38,126233,37.41,13,9,28.46,1,0
32551,36,14.58,123651,34.03,20,13,51.72,1,0
12394,60,5.51,92805,39.28,28,13,84.82,4,0
4556,36,11.82,78954,25.12,29,6,68.52,1,0
4890,60,12.6,48064,9.9,5,5,29.0,0,1
31740,60,12.98,142813,6.51,29,10,20.15,3,1
15502,36,16.6,99063,7.48,3,6,26.52,2,0
22777,60,15.67,22454,0.79,15,9,16.98,3,1
11627,60,17.16,40878,15.63,4,11,9.56,1,1
9792,60,20.3,71098,7.66,15,7,41.91,2,0
9433,60,21.26,82154,16.47,14,10,11.33,4,0
12016,36,19.36,32991,37.4,20,10,17.19,3,0
24897,36,24.11,88344,17.22,19,14,54.73,2,0
3612,60,5.36,124946,35.12,13,9,16.46,2,0
24483,36,8.92,56593,24.22,10,4,6.39,2,1
18159,36,5.15,56304,9.89,21,2,31.74,0,0
15541,36,17.95,50386,14.23,5,12,22.03,3,0
27531,36,22.96,75220,3.36,27,8,51.53,2,0
2585,36,9.87,133613,13.34,23,4,10.24,3,0
4943,60,23.54,89338,27.1,20,13,75.18,2,0
24939,36,6.21,114289,2.88,29,9,90.62,4,0
20457,36,23.69,41083,8.22,20,4,74.34,4,0
2021,36,12.03,38354,15.26,25,8,53.28,4,0
12653,36,7.03,42190,39.28,6,9,86.07,1,0
14417,60,14.72,26142,31.39,4,13,69.49,2,0
10692,60,10.14,48398,29.34,2,9,1.06,1,0
7873,60,10.7,71971,4.65,22,10,39.41,3,0
6675,60,11.15,61862,31.24,16,4,85.1,1,0
1161,36,21.06,118668,31.41,18,1,34.59,3,0
27557,60,15.78,73410,24.04,5,3,3.52,3,0
34763,36,11.23,39503,39.61,22,9,74.62,3,1
33606,36,17.21,145438,13.01,4,4,80.2,1,0
12534,36,19.32,68456,37.65,13,5,16.06,2,0
30127,36,10.45,120167,36.59,19,7,53.73,1,1
26851,36,13.27,102035,0.46,23,5,19.2,2,0
2016,60,7.44,125388,18.0,2,4,71.92,2,0
25253,60,8.62,28016,39.08,13,2,27.16,3,1
25276,60,18.62,22384,4.12,11,2,31.62,1,0
24247,60,8.63,82320,21.91,22,13,84.5,2,0
25300,36,15.5,35072,39.16,29,13,47.63,4,1
9529,60,19.18,122239,22.22,4,4,66.98,2,0
18262,36,7.14,131431,7.59,22,10,40.24,4,0
10268,60,16.35,100018,23.29,20,13,29.8,1,0
22271,36,10.13,60510,8.18,20,10,62.55,1,0
13185,36,24.26,68933,20.79,15,13,15.49,1,0
22243,60,14.67,41826,2.96,4,9,37.3,2,0
9571,36,21.12,88026,24.22,9,8,20.9,0,1
3568,36,16.0,141668,20.67,7,3,69.58,2,1
3027,60,5.87,131628,29.61,19,14,94.42,2,1
3695,36,17.66,45518,25.23,19,9,99.55,3,0
6258,60,24.03,44045,21.98,6,14,45.03,3,0
23002,60,17.03,70876,27.59,6,5,25.25,2,1
34159,60,21.38,112446,5.76,20,11,44.28,4,1
14986,36,22.68,110102,23.81,15,3,84.73,3,0
13666,36,9.56,71919,6.88,15,5,20.6,2,0
4561,36,9.24,119441,37.02,25,13,95.21,0,0
27854,60,17.22,47103,2.73,20,10,34.19,4,0
23662,36,13.22,138805,17.21,9,13,98.58,1,0
9392,60,21.8,56188,27.83,4,4,83.86,2,1
31535,60,23.0,25845,18.32,18,8,80.86,2,0
14067,36,12.07,106698,3.68,18,13,31.79,4,0
24599,60,9.74,56674,22.14,5,12,0.88,3,0
12837,36,20.61,138325,25.67,20,5,38.21,3,0
15039,36,10.5,39337,28.15,23,10,30.18,3,0
31818,36,21.45,42313,14.93,11,12,3.74,1,0
20115,36,13.47,46943,22.55,5,8,50.54,4,0
11965,36,18.35,97949,18.03,22,9,40.3,4,0
25538,60,6.91,20276,26.88,26,4,63.46,3,0
6056,60,17.48,71151,23.34,4,7,62.12,3,0
33482,60,14.04,37611,21.03,29,2,12.07,0,0
9110,36,16.73,124641,9.98,12,6,97.7,0,1
14773,36,8.36,31944,0.08,2,8,18.69,2,0
28266,36,19.74,72887,6.96,13,12,44.53,2,1
18412,60,22.26,101442,4.68,10,7,48.81,4,0
34270,36,9.33,69847,17.96,9,7,81.31,4,1
7910,60,6.91,78653,24.49,10,8,9.92,1,1
26446,60,5.47,106072,8.52,7,7,42.86,1,0
1206,36,17.84,142589,37.56,4,5,62.85,0,0
22518,36,17.14,76622,0.27,19,7,21.52,2,0
23361,60,15.93,47810,30.89,10,13,62.75,0,1
24419,36,9.64,97842,25.01,3,14,92.37,0,0
23403,60,12.82,142225,14.94,25,10,99.75,2,0
19141,36,16.89,30503,2.02,21,3,3.25,1,0
15820,36,14.94,104761,25.1,29,5,23.56,2,1
7374,60,24.76,56976,15.42,19,7,31.03,3,0
2678,36,7.73,146439,37.45,21,9,39.91,3,0
34827,60,18.9,31590,21.68,2,2,24.23,3,0
17198,36,13.09,143421,37.59,27,4,20.35,4,0
10914,60,13.56,30886,8.82,20,12,95.46,1,0
28890,60,19.35,32866,29.03,10,7,91.85,1,0
23299,36,18.85,86624,24.69,2,1,4.7,4,0
3693,60,24.83,88899,29.58,2,13,33.88,0,1
30467,36,7.57,52792,8.59,28,2,40.51,3,0
30723,36,7.08,29764,26.6,24,9,23.9,3,0
4627,36,19.49,140832,19.92,17,13,62.89,0,0
26939,60,16.57,145838,29.71,16,10,64.04,2,0
22834,60,10.48,140356,13.08,16,7,85.05,2,0
19047,36,6.59,106156,35.6,14,12,74.09,1,0
27105,36,6.71,62727,3.37,7,10,54.26,4,0
11230,60,22.88,98471,32.29,21,7,65.36,1,0
16707,36,8.84,28068,34.45,11,6,27.4,2,0
22976,36,11.47,136923,32.69,24,3,59.31,0,1
24776,60,9.53,27295,20.51,1,10,48.92,1,0
31080,36,12.1,61160,17.54,11,3,13.33,3,1
2306,60,6.39,31390,39.85,23,2,24.25,3,0
7776,36,15.38,126752,9.17,21,11,29.17,0,0
28251,60,6.35,40131,21.88,4,6,92.43,2,0
10474,36,21.01,114754,26.83,7,4,23.04,3,1
22959,36,9.67,95969,28.03,26,5,28.92,3,0
6530,60,15.8,35038,8.16,15,3,36.94,4,0
30320,36,22.6,72327,26.16,18,6,66.37,1,0
4748,60,18.02,113718,32.73,12,11,11.82,2,0
32968,36,15.66,97064,2.0,17,12,95.39,1,0
33562,60,11.49,41281,36.46,1,3,86.56,2,0
14545,60,11.66,74189,1.18,11,14,57.72,3,0
1663,60,18.39,68511,14.24,28,14,67.4,4,1
8994,60,24.88,142115,0.63,1,8,1.67,1,0
29021,36,18.24,28605,3.09,15,9,33.89,3,0
31303,36,16.16,120318,36.45,28,4,79.57,2,0
4304,60,19.61,21381,14.19,21,9,7.75,1,1
18675,60,14.3,86634,16.99,10,12,28.23,1,1
24938,60,6.2,39810,8.61,7,7,58.53,3,1
24664,36,16.25,138343,23.88,2,3,25.64,1,0
2636,36,24.15,44322,23.79,10,7,93.4,4,1
21080,36,8.51,61869,14.89,24,14,13.11,4,0
28728,36,18.8,52955,13.32,4,1,79.74,3,0
27736,60,9.02,81388,35.4,12,3,50.79,2,0
29673,60,15.72,130252,15.33,19,6,75.03,3,0
1854,60,6.93,30207,19.74,26,4,31.07,4,1
25548,36,14.01,107329,11.33,11,7,51.45,0,0
8392,36,20.12,87628,31.47,8,14,85.68,0,0
22556,36,11.95,48220,15.9,18,3,46.69,1,0
27309,60,18.3,104050,20.54,11,1,35.97,1,0
22919,60,20.91,123546,10.13,11,9,53.62,0,0
5931,36,23.54,94085,39.51,13,6,71.74,4,0
33970,60,9.69,42031,11.66,3,8,44.36,1,1
13688,36,12.99,90721,30.83,12,3,93.89,3,0
26342,36,8.05,100807,17.1,3,8,29.49,3,0
3327,60,24.85,91312,8.25,10,2,47.55,4,0
1197,36,23.54,79766,31.99,27,12,75.69,1,0
24509,60,15.8,32449,13.34,17,4,68.91,3,1
16087,36,21.84,109833,34.61,22,3,86.36,1,0
23671,60,15.42,76699,36.61,2,10,99.68,1,0
26184,60,17.47,126127,34.39,17,1,42.69,3,0
28848,60,6.78,101253,1.4,16,13,11.12,0,0
21666,36,20.11,125659,31.49,2,13,3.04,3,0
16708,36,7.55,124769,16.45,28,7,72.69,4,0
27370,60,21.52,131041,34.95,22,11,87.4,2,0
3811,60,20.64,136185,25.52,20,10,22.07,3,0
7546,36,19.17,66092,33.35,6,2,15.84,1,0
31206,36,5.72,83671,19.98,28,4,6.22,1,0
12411,36,11.06,30350,21.4,25,9,82.27,3,0
3911,60,10.26,116158,5.78,29,6,31.14,2,0
2734,36,12.2,120859,31.36,10,8,40.17,3,1
19227,36,6.75,140097,16.78,28,2,50.28,2,0
9680,60,23.74,145222,20.0,10,7,83.95,2,0
20360,36,16.08,88487,31.4,8,6,65.08,4,0
19343,36,11.11,37622,23.95,1,13,61.51,1,1
6759,36,12.94,143853,8.04,13,14,17.57,1,0
24078,60,13.94,90263,23.61,24,9,51.32,2,1
12111,60,17.01,73117,16.31,9,7,71.54,1,0
2802,60,15.31,123990,18.78,22,1,97.33,0,1
9155,60,23.39,78394,1.13,10,14,20.14,2,1
9120,60,14.94,122005,8.4,15,8,0.95,1,0
22918,60,24.84,121084,11.24,5,11,7.53,0,0
21445,60,22.03,43782,28.52,22,10,37.59,4,0
31306,36,9.17,136276,0.46,16,3,82.05,1,0
17646,36,23.61,48454,16.35,13,14,0.71,0,0
32065,60,7.33,87904,36.96,22,2,45.67,3,0
26199,36,21.35,149936,4.48,25,12,32.92,3,0
17371,36,12.61,35592,20.66,20,3,5.25,0,0
12835,60,22.56,42173,31.46,18,11,45.02,2,0
3049,36,22.36,53204,37.7,11,6,25.47,2,0
32616,36,21.12,55596,29.87,27,13,35.19,1,0
21932,36,20.8,54324,28.82,9,14,70.56,3,1
30855,36,11.09,142258,33.06,16,3,52.16,2,0
8158,36,6.62,131668,17.85,2,10,12.46,2,0
8400,60,13.06,81202,32.23,26,5,96.14,3,0
16151,60,8.47,109400,0.32,25,6,63.59,4,0
2154,60,18.9,144184,36.98,2,8,76.59,2,0
5499,36,11.92,133365,17.73,12,7,7.92,0,0
7295,60,24.51,50750,22.14,8,14,4.71,1,1
13183,36,17.82,96112,10.2,9,11,1.94,2,0
30299,36,21.45,36566,29.7,12,8,18.88,2,0
13874,36,7.65,27190,3.07,26,3,41.44,4,1
33711,36,22.24,108607,34.91,9,4,93.58,0,0
6539,60,23.46,58333,33.12,10,6,45.71,1,1
3557,60,14.74,141929,8.64,25,11,29.03,2,1
17482,36,17.13,100905,32.37,2,7,56.19,1,0
3200,60,20.3,109571,31.45,16,9,11.19,3,0
3961,36,8.5,140263,25.29,20,13,60.95,2,0
22357,60,15.05,21589,14.94,7,1,56.84,2,0
12969,60,12.97,144467,10.86,28,13,79.2,3,0
3869,36,7.93,45235,9.27,2,8,98.67,4,1
29643,60,12.35,20159,12.74,1,8,25.09,2,0
25736,36,6.36,32145,36.14,19,6,50.97,1,0
24328,60,5.52,100909,3.11,28,4,90.89,0,0
26876,36,7.7,51921,33.15,4,3,78.52,1,0
22295,36,24.26,124859,13.96,24,11,48.74,4,0
4987,60,15.99,36237,20.86,22,3,94.54,0,0
23399,60,24.32,127507,31.78,27,6,5.72,1,0
34986,36,13.65,28244,35.38,2,13,93.1,1,0
21880,60,11.24,34743,13.79,25,8,5.05,3,0
5735,60,15.12,117102,18.47,14,7,54.73,4,0
5555,36,13.79,66101,16.58,2,11,89.04,3,0
20830,36,7.11,131645,0.53,29,1,26.27,0,0
18429,60,17.82,141534,11.84,15,11,47.22,3,0
7893,36,9.32,104227,18.37,12,6,32.43,4,0
15373,36,17.39,119532,16.44,5,7,95.21,2,0
4436,36,18.0,76378,28.88,28,12,82.36,2,0
9754,60,8.04,91126,15.39,20,7,70.9,0,0
11677,60,6.23,76071,19.58,29,9,58.76,2,0
6895,36,20.62,91121,17.18,7,11,82.06,3,0
20738,60,14.2,94763,29.63,24,11,39.23,0,0
31746,36,6.16,113814,34.52,21,10,44.76,4,0
33352,60,24.9,124350,21.28,10,5,73.0,0,1
6600,36,6.16,32237,31.58,14,1,35.78,0,0
30124,36,18.9,35649,11.87,14,2,6.39,1,0
28643,60,24.67,57713,21.65,5,4,7.43,1,0
10007,36,9.78,93463,13.81,18,5,11.54,0,0
9208,60,7.84,65409,16.57,24,9,86.97,2,1
19589,60,7.43,68766,29.3,14,11,47.22,1,0
18453,36,11.07,66154,35.27,2,1,71.29,4,1
33635,36,7.02,27016,4.86,26,3,39.29,3,0
34828,60,18.84,99563,25.39,12,5,25.87,1,0
19711,36,6.25,68688,23.29,22,3,34.72,0,0
4420,36,15.19,109678,4.74,24,4,79.42,2,0
32216,36,24.93,132056,8.48,6,14,62.52,3,0
1301,36,21.28,74238,12.44,4,3,93.76,1,0
1699,36,17.3,78608,6.68,13,4,67.97,2,0
1190,60,11.13,109081,9.75,4,14,57.02,2,0
11492,60,17.48,136572,10.7,22,13,61.02,2,1
7102,36,15.54,51897,13.43,14,13,94.24,0,0
20778,36,13.52,70961,29.98,16,1,78.82,4,0
27641,36,7.61,88703,22.88,29,12,2.4,2,0
33745,60,22.73,64757,39.45,4,8,53.41,3,0
24093,36,14.0,46917,16.59,24,4,68.83,1,0
1569,60,8.89,42736,30.15,25,7,74.87,3,0
8455,60,12.36,47990,34.86,1,2,21.31,0,1
5014,60,13.28,82551,27.16,13,2,86.72,0,0
12093,36,21.55,78161,16.47,4,6,95.58,3,0
19070,60,19.67,99623,30.14,20,14,23.67,4,0
17538,36,20.39,42440,8.15,18,2,88.26,0,0
11729,60,5.22,55205,13.1,6,6,9.7,0,0
1784,36,13.32,141156,21.87,3,11,5.57,3,0
28751,60,14.63,100811,23.02,23,2,12.92,0,0
13533,36,5.38,143768,0.89,13,4,5.77,4,1
6801,60,10.2,75103,37.8,27,7,84.5,4,0
20190,36,20.21,90812,27.87,16,8,5.91,4,0
30592,36,7.74,61627,19.83,27,3,27.17,1,0
11647,36,15.71,126122,37.33,5,14,10.38,4,0
9716,36,9.3,123032,17.56,4,13,29.54,4,0
24355,60,5.24,39008,39.22,21,9,9.06,1,0
23009,60,9.82,91274,20.49,8,2,66.8,2,0
25376,36,24.52,52402,4.57,19,8,13.33,0,1
5780,60,21.03,73384,30.59,14,8,85.18,4,1
3368,36,24.19,148922,27.16,7,13,81.72,0,0
13039,36,14.76,25793,30.92,14,14,1.37,3,1
7655,60,7.19,122827,38.06,6,4,89.57,0,0
5495,36,15.96,25571,31.06,12,1,2.89,1,0
11893,36,14.09,116867,24.45,16,13,23.96,0,1
26547,60,21.89,36209,34.29,17,1,3.24,0,0
23386,36,6.96,133550,26.93,13,2,33.58,0,0
14403,36,14.76,110930,16.32,23,14,51.39,2,0
33097,36,8.0,63148,35.42,14,12,79.66,2,0
14121,36,11.49,111218,8.88,29,14,33.8,3,1
11966,60,19.75,22224,28.59,7,9,70.55,1,0
34621,60,14.52,126693,35.26,14,13,18.75,0,0
29312,60,12.52,145551,29.25,15,2,75.06,0,0
23677,36,12.89,68695,27.89,12,2,23.6,0,0
32289,36,14.19,140779,30.11,17,6,14.35,0,0
32024,60,20.7,149714,18.6,9,7,18.54,2,0
5777,36,22.84,129988,34.97,22,13,18.21,3,0
30749,36,24.11,128944,8.14,15,7,51.29,4,0
16338,36,20.74,52441,5.1,12,13,84.48,1,1
3491,36,11.31,126966,11.42,2,9,7.96,0,0
28236,60,18.76,59129,21.26,5,6,70.7,3,0
15599,60,13.75,120252,20.42,13,14,65.43,4,0
20508,60,10.09,82368,32.82,27,8,87.25,3,1
4051,36,21.82,130395,16.18,20,11,24.41,2,1
22606,60,5.77,112122,19.37,23,6,45.01,4,0
22699,60,23.04,64760,0.53,8,2,92.58,3,0
1876,36,14.23,149655,16.39,27,1,66.0,2,0
33093,36,17.74,43478,25.91,14,5,38.88,3,0
5142,60,18.19,147881,0.62,15,14,13.14,3,0
16202,60,22.9,91854,11.24,11,9,26.25,4,0
8079,60,17.73,114230,8.32,1,8,58.12,2,1
8987,60,17.28,105716,1.68,21,14,71.82,0,0
29940,36,6.33,32180,19.17,3,13,12.44,1,1
18019,60,15.37,118538,7.27,17,4,59.96,4,0
19077,60,8.0,35372,29.72,28,5,55.04,2,0
27258,36,19.75,49796,33.92,19,13,51.4,3,0
22136,60,15.24,78272,21.82,14,5,69.01,2,0
9311,36,18.6,138295,39.27,22,6,83.74,1,0
18214,36,5.83,109963,18.02,23,3,32.3,1,1
15098,36,6.7,118826,20.53,8,5,88.9,0,1
29251,60,19.33,140592,39.57,13,2,16.06,0,1
26945,60,6.44,113635,9.26,27,10,17.3,1,0
26316,36,6.43,131022,37.7,20,1,26.68,4,1
33217,60,5.24,74040,1.71,3,11,11.95,4,0
9308,60,24.13,95357,17.86,5,1,23.03,3,0
6949,36,19.75,91368,2.8,9,10,10.64,0,0
2150,36,12.07,98356,29.17,29,7,82.18,3,0
24944,60,10.93,36211,24.34,6,2,13.9,0,0
10204,36,11.99,125426,28.27,25,4,74.73,1,0
2081,60,20.49,25842,14.98,22,5,4.79,4,1
30305,60,18.23,83115,14.78,2,7,94.85,4,0
17896,60,8.7,86852,1.81,13,2,71.12,1,0
8805,60,8.48,145737,14.0,5,14,0.68,3,1
6237,36,6.97,65968,37.17,28,6,76.39,3,0
21056,36,18.21,37508,15.17,27,1,51.41,2,1
4343,36,20.29,42005,33.25,25,7,77.94,0,0
14500,36,10.3,74575,33.69,8,9,52.25,3,0
30375,60,5.42,100742,14.93,23,5,64.1,1,0
10662,60,6.64,38971,25.28,1,5,78.63,3,0
17964,36,24.36,45599,3.81,20,4,40.51,4,0
9130,60,10.91,107592,4.15,12,3,0.27,0,0
20531,60,20.38,86914,1.95,23,9,84.99,2,0
2679,60,17.49,138062,23.24,11,5,38.09,0,1
4506,36,12.64,87055,17.04,7,8,49.6,4,0
14284,36,9.11,107697,21.92,15,9,0.78,4,0
8253,36,7.43,126239,20.84,22,5,49.21,4,0
20128,60,17.3,124397,14.01,24,10,98.65,4,0
28932,36,20.49,143106,27.1,11,9,27.83,1,0
10435,36,17.88,25355,30.34,29,2,39.54,2,1
14296,36,15.61,74120,0.59,22,9,68.72,4,0
31445,36,5.84,94619,8.29,26,11,81.48,4,0
14245,36,24.37,58342,28.53,16,4,41.74,3,0
30124,36,20.97,105992,15.46,3,6,30.97,2,0
30899,60,10.86,98860,26.5,20,6,93.78,0,1
30222,60,24.6,22257,13.88,14,6,67.71,2,0
27211,36,17.04,47364,15.63,3,2,11.9,2,0
27646,36,16.65,44972,6.35,1,7,6.89,2,0
24049,60,19.96,131715,10.33,26,13,48.35,4,0
15069,60,21.24,46654,24.22,21,6,22.01,4,0
33580,36,18.13,100769,17.33,15,11,25.4,1,0
32843,36,7.56,101423,30.97,1,14,87.77,0,1
3849,36,11.77,49320,34.1,17,1,8.96,3,1
24289,36,23.56,40808,21.67,2,2,71.54,2,0
10823,60,9.49,72389,30.33,29,7,27.11,0,0
10540,36,12.44,115690,12.28,20,1,76.03,0,0
17364,36,13.64,138581,16.6,6,1,72.24,1,1
5611,36,13.79,147927,28.51,8,1,0.74,3,1
28663,36,17.26,54773,15.45,29,8,50.91,2,1
31977,60,23.86,71168,23.54,16,4,13.93,3,0
30168,60,9.81,47747,7.41,19,4,86.62,1,0
26471,60,7.43,96396,23.99,1,13,87.16,4,1
23687,36,8.95,128374,34.46,3,2,41.83,0,0
1851,36,22.74,127692,34.75,28,11,44.44,2,0
19071,60,17.92,103692,28.97,3,11,30.33,4,0
7833,36,10.72,77505,29.83,5,11,71.66,1,0
12938,36,21.32,105896,22.32,27,1,35.87,3,0
27144,60,22.23,38135,23.39,12,12,26.78,0,0
5000,60,21.93,110887,5.35,12,10,43.22,2,0
6052,60,23.38,142118,17.75,20,9,9.15,4,1
29074,60,10.04,116035,18.03,13,7,74.66,4,0
33320,36,20.1,67377,38.34,20,4,1.26,0,0
4913,36,14.21,43554,17.24,9,12,64.45,3,0
18450,60,21.84,82491,21.97,7,6,18.29,1,0
25107,36,19.57,75621,21.33,4,14,23.24,3,0
21764,60,20.53,134667,25.47,19,2,63.56,3,0
21491,60,18.12,78283,29.93,22,7,99.29,3,0
4373,36,8.55,105140,9.0,19,2,77.77,0,0
13161,60,15.9,36923,21.15,6,10,22.58,0,1
32996,36,24.69,67591,33.04,27,8,17.6,1,0
28122,36,23.75,82261,18.52,13,8,86.62,3,0
28350,36,5.86,136149,11.14,11,1,44.42,0,0
28472,36,8.3,74336,26.19,13,13,13.71,1,1
29761,60,7.63,94083,32.95,13,8,86.22,1,0
26351,36,19.52,80948,2.53,28,2,81.61,3,1
24132,60,21.36,129819,31.07,25,6,98.39,2,1
16305,60,9.27,53002,32.87,22,13,90.97,3,1
10817,60,15.12,100098,18.46,28,1,85.18,2,1
12261,60,21.81,136236,39.33,20,5,5.26,1,0
1417,36,19.66,93016,31.47,15,11,10.44,0,0
21358,36,15.84,46672,30.95,21,7,56.9,4,1
4267,60,16.81,24213,29.91,13,13,53.15,1,0
18209,60,15.17,30293,6.02,22,10,45.8,0,0
25052,36,10.95,119977,8.69,11,1,39.68,1,0
27092,60,16.3,75860,18.56,19,2,43.12,3,0
12338,36,18.78,82507,10.56,8,7,56.93,2,1
1412,60,22.47,77134,16.61,20,6,0.21,1,0
8543,36,17.73,22100,35.54,8,3,26.07,0,0
34496,60,20.22,130153,32.97,10,14,51.83,3,1
24548,60,8.2,81997,25.2,26,10,72.22,4,1
28384,36,14.23,48172,34.32,16,2,17.42,3,0
19888,60,5.19,40132,31.35,19,10,54.69,2,0
18506,60,9.93,137861,17.16,26,4,71.45,3,0
21463,36,19.53,38199,8.04,23,3,44.46,4,0
18955,60,24.84,56609,20.57,11,7,2.71,0,0
6104,36,6.98,62965,29.45,13,8,44.93,1,0
24190,36,13.03,28016,17.46,28,2,29.64,2,0
8357,60,21.0,59779,26.67,9,10,92.96,4,0
33479,60,9.08,122797,3.77,20,7,12.46,2,0
21150,60,16.1,51881,29.92,24,8,65.25,3,0
6644,60,19.66,102594,32.51,19,6,5.27,2,0
3914,60,17.32,44472,28.27,16,6,44.62,4,0
22352,60,8.76,126882,38.69,7,10,55.4,1,0
15397,60,12.11,120462,33.07,19,1,29.8,1,0
1728,36,20.68,71813,36.12,12,4,45.51,2,0
1698,60,16.08,120368,37.34,15,14,16.36,0,1
14923,36,5.1,146731,32.05,23,1,30.41,2,0
17779,60,20.22,56021,26.97,14,4,62.11,3,0
8400,60,5.71,74131,0.23,11,2,30.18,1,0
25466,36,19.91,44087,18.63,26,11,89.97,1,1
5360,60,9.05,32828,22.85,10,13,62.84,1,0
18101,60,24.16,81610,12.16,27,5,43.86,0,0
33307,36,12.36,116664,12.72,11,10,3.88,0,0
6486,60,11.54,143619,38.45,6,14,49.95,4,0
9335,60,7.98,21401,35.67,2,9,76.48,2,1
22364,60,11.11,105179,33.97,11,11,26.56,2,0
24576,36,22.53,35193,16.24,19,12,80.68,3,0
32667,60,24.93,112389,0.55,6,10,25.18,1,0
12130,60,12.37,64864,3.21,14,3,82.37,0,0
22972,60,13.97,40307,12.49,20,8,8.53,3,0
2167,60,19.44,122518,0.63,6,3,86.62,3,0
28192,36,22.72,39611,0.69,17,6,49.92,0,0
2062,36,16.86,63791,36.66,10,4,29.65,2,0
19540,60,12.83,31950,28.25,28,8,26.51,1,0
25244,60,13.25,96240,12.36,1,11,43.2,2,1
22545,36,18.91,128647,5.31,3,6,99.9,3,0
22689,36,5.06,97403,20.47,8,8,22.03,1,1
12174,60,17.39,22745,0.21,8,1,10.32,4,0
23925,36,12.11,75243,37.54,27,6,58.5,3,1
10348,60,20.88,23866,16.59,20,1,48.85,2,0
24714,36,6.86,52245,16.09,22,1,52.42,2,0
9924,36,16.76,64724,15.62,15,8,66.69,2,1
25394,36,14.62,148681,2.77,24,7,26.71,0,0
7801,36,17.85,91354,25.53,7,3,91.07,3,0
7731,60,6.3,71374,29.32,11,6,43.57,1,0
24625,36,16.6,134397,27.05,7,9,12.91,2,0
18337,36,16.23,137480,5.54,29,7,74.23,2,0
8056,60,16.21,144577,23.15,4,12,64.31,0,0
12516,36,17.07,50116,22.78,25,3,31.57,1,0
2542,36,18.53,101029,34.74,12,14,62.15,3,0
22677,60,21.1,113574,15.17,26,14,21.99,4,0
28569,36,10.4,40447,14.86,6,13,44.48,0,0
24322,60,21.5,50431,24.74,14,6,89.94,3,0
20065,60,14.97,37908,25.32,12,11,13.35,4,1
18924,60,6.54,49336,18.77,11,4,38.67,2,0
23556,60,6.17,60992,17.72,19,14,82.11,2,0
27962,36,11.68,75350,19.77,21,13,96.95,1,0
29295,60,20.7,89561,34.44,5,3,45.39,4,0
14807,36,19.15,137254,18.45,14,9,50.7,2,0
27432,36,20.77,71955,37.6,21,10,57.22,2,0
18749,36,15.35,81240,20.16,24,2,93.23,1,0
27256,36,13.8,40093,37.97,16,1,85.82,3,0
2324,36,7.95,26155,33.31,25,14,17.06,2,0
26731,36,11.56,66607,14.5,13,2,43.68,0,0
24803,36,13.68,53487,34.55,25,7,46.4,0,0
20870,36,6.77,133194,4.4,29,10,78.91,3,0
7588,36,9.41,75668,37.0,22,1,60.29,4,1
27790,36,16.96,40963,25.27,22,6,65.42,1,0
26289,60,19.71,70124,2.18,25,14,99.82,0,0
29178,60,24.97,72870,25.77,20,7,7.5,0,0
29710,60,23.66,76547,38.97,22,9,22.3,3,0
16485,36,17.85,84110,2.79,4,14,40.79,4,0
21652,60,13.42,73554,22.19,11,8,34.78,4,0
5748,60,17.72,40936,29.91,17,6,2.16,3,0
22233,60,20.71,136895,32.41,7,3,9.18,0,0
10435,36,7.37,24426,16.55,14,8,68.1,1,0
4709,36,13.2,108839,8.17,26,7,87.93,0,0
31355,36,21.8,130816,1.69,11,3,51.42,4,0
14116,36,12.68,47606,23.19,28,9,53.92,0,0
26470,60,16.44,67832,18.12,22,12,25.51,1,0
15683,60,16.76,48151,37.95,9,2,76.79,2,0
1504,60,8.69,99303,2.42,23,3,75.18,0,0
34982,60,12.24,31308,27.42,13,2,58.84,3,1
29016,36,11.69,129781,1.0,23,13,21.27,2,0
24960,36,5.52,82522,6.86,18,1,9.7,3,0
34591,36,5.48,143523,18.14,28,4,6.42,3,0
18312,60,21.63,65671,18.19,11,5,59.27,3,1
3105,36,10.46,110306,27.43,15,13,82.5,0,0
23700,36,15.36,114108,36.41,25,6,85.83,4,0
21559,60,10.97,126984,25.56,26,5,46.36,2,0
28509,60,23.81,22204,38.14,25,1,78.43,1,0
28860,36,10.19,112769,35.26,22,3,94.69,4,0
12003,36,13.59,107265,23.38,29,1,27.52,0,0
22732,36,22.45,51131,33.35,19,11,39.8,3,0
26826,36,21.84,72428,25.7,1,5,93.15,1,0
31354,36,8.72,53870,3.14,4,5,33.82,2,1
14843,36,21.05,123547,29.62,14,12,91.39,4,0
7190,60,14.16,124918,3.8,14,11,98.1,4,0
18640,60,14.66,69067,23.76,3,13,66.18,1,0
4330,60,7.67,78585,28.11,28,6,81.69,0,0
20087,36,6.61,127011,2.66,17,8,74.95,2,0
25504,60,19.56,132217,9.23,3,10,69.95,1,0
8114,36,14.93,41607,36.63,16,12,30.69,3,0
14323,36,13.74,44968,24.65,14,1,5.71,2,0
11975,60,19.59,118934,9.85,20,4,34.31,4,0
12023,36,20.31,31908,27.63,29,10,66.69,1,0
22447,36,8.18,46423,23.87,13,11,10.25,4,0
25933,60,17.2,129151,20.06,15,1,1.19,4,0
24959,60,7.71,94707,39.05,14,9,13.97,4,0
1667,60,20.03,98257,27.34,24,11,71.57,0,0
30703,36,18.14,146282,15.02,25,7,97.28,4,0
10337,60,24.13,81215,32.0,19,7,98.31,3,0
20129,60,6.38,75835,35.38,6,12,49.4,3,0
32921,36,6.14,69429,5.01,10,5,86.94,2,0
34307,60,10.64,102152,8.02,27,7,73.68,4,0
28355,60,10.23,128048,8.65,15,12,50.1,4,1
5835,60,9.94,58458,27.65,21,2,57.28,1,0
21159,36,23.13,66169,24.12,22,14,13.72,0,0
14216,36,9.99,27659,24.76,20,13,93.77,2,0
32471,36,10.44,80614,37.63,26,4,35.19,4,0
18308,36,20.19,128905,31.04,6,14,44.61,1,0
28532,60,13.99,97240,5.12,23,14,67.17,0,0
6713,36,20.53,52793,13.9,25,7,33.39,2,0
5804,36,6.31,133688,17.42,10,3,25.43,2,0
11136,60,14.75,66473,15.84,7,2,63.1,4,0
1009,60,5.67,116762,26.77,22,10,2.5,2,0
20255,60,6.25,109388,35.68,17,2,72.07,1,0
24793,36,23.13,117618,12.24,18,13,51.4,2,0
30548,36,7.78,108330,22.08,17,1,60.58,3,1
2015,36,15.65,126956,31.58,9,5,63.19,1,0
28712,60,13.22,138452,16.65,10,12,52.71,0,0
9415,60,11.95,75751,6.72,10,6,58.25,0,0
24833,36,23.0,146311,19.0,25,6,68.38,4,0
5158,60,5.44,98915,2.21,7,9,75.31,4,1
21309,60,18.28,74254,37.7,16,4,72.75,3,1
7970,60,24.27,27006,2.99,29,1,86.96,0,0
7938,36,16.2,138171,17.54,18,6,18.94,0,1
22168,60,23.74,136682,21.2,6,5,40.11,0,0
21384,60,6.05,94218,39.41,27,10,94.78,0,0
19017,36,13.38,85344,6.64,20,6,39.66,2,1
11344,36,10.2,53840,4.58,1,3,12.49,1,0
9702,60,19.62,52430,0.35,1,2,52.54,1,0
1384,60,24.63,43091,6.22,12,6,10.95,3,0
1404,36,10.13,146053,8.29,21,13,20.29,2,1
30189,36,18.08,52983,25.22,28,1,99.83,0,0
13763,60,8.96,43989,8.79,2,7,54.14,0,1
19384,60,16.31,95451,0.82,4,7,28.41,4,0
33606,60,14.28,128088,33.06,17,10,99.48,4,0
10860,60,24.44,38990,14.62,4,13,96.66,3,1
16106,36,17.17,110270,14.15,11,7,44.07,0,0
24574,60,11.99,100360,12.1,22,12,26.04,3,1
24524,60,7.28,139469,39.01,26,11,83.84,2,0
4636,36,8.02,56081,6.8,4,10,71.56,1,0
11916,60,9.51,31033,35.93,1,1,68.69,0,0
5809,36,10.02,128272,31.07,7,4,89.31,2,0
33201,60,22.01,36241,3.06,18,13,68.94,0,0
14456,60,16.22,144932,39.47,9,7,28.38,4,1
18100,36,15.47,142451,10.85,29,11,69.39,3,1
22949,36,7.3,25939,3.94,3,9,30.58,4,0
5544,60,22.2,133000,33.17,8,5,75.92,1,1
27657,60,19.46,67562,28.27,29,13,61.97,4,1
8239,60,6.35,55063,24.69,24,2,7.74,0,0
15489,36,19.16,140373,6.24,19,7,51.28,4,0
29538,60,15.87,120000,19.14,4,10,34.33,0,1
33049,36,6.63,96721,31.22,18,1,32.86,1,0
9427,36,14.17,47045,12.14,20,7,60.23,4,1
25285,60,14.69,136634,12.47,27,6,32.23,3,1
23928,36,8.32,64769,0.13,11,7,77.69,3,1
20198,60,23.91,67118,6.97,27,14,7.08,3,0
20758,60,22.0,104703,35.02,14,13,66.04,4,0
16254,60,18.38,121948,17.67,25,10,80.92,4,0
2252,60,14.25,41625,39.37,18,3,67.28,4,0
13173,60,13.24,124724,15.83,28,3,49.72,0,0
27698,36,18.02,148557,28.61,28,7,95.03,1,0
16781,36,15.91,47076,11.28,29,13,29.99,3,0
14051,60,6.25,142245,14.55,16,2,1.92,0,1
7949,60,15.25,84805,7.63,3,1,43.2,3,0
9017,36,21.13,64605,13.88,15,9,3.3,0,0
7941,36,14.18,104565,21.89,27,9,95.39,4,0
26934,36,6.04,108509,39.67,27,7,20.99,3,0
24386,36,20.73,59121,26.57,4,7,78.89,4,0
11209,60,9.03,85101,7.97,5,3,77.46,3,0
18715,60,10.17,51433,1.8,17,10,21.77,2,0
29920,36,8.29,63309,5.05,7,2,62.12,0,0
32703,60,11.6,87468,22.5,16,11,4.81,2,0
5637,36,20.14,64254,30.61,14,7,48.36,0,1
5854,60,15.39,87293,37.62,26,9,1.46,1,1
20856,36,9.1,116258,0.63,16,1,92.11,3,1
22833,60,22.56,57853,20.91,7,13,97.61,1,1
20963,36,22.59,58405,18.83,9,14,22.23,1,1
28169,36,22.41,86652,26.24,4,4,20.81,0,1
8941,60,9.78,63527,22.38,22,6,75.37,2,0
15388,36,14.02,97227,27.48,11,7,25.34,4,0
6569,60,24.7,20492,26.32,2,10,89.51,0,0
5300,60,20.44,113418,4.68,12,7,57.39,4,0
13015,36,5.54,28811,31.99,12,10,35.08,1,0
7254,60,6.3,113344,4.93,4,2,83.27,4,0
18144,60,14.28,44272,27.94,18,14,49.34,2,1
25214,60,23.18,113935,16.65,26,4,91.16,0,1
16183,60,15.77,92010,20.55,21,5,92.8,2,0
7238,60,14.96,112492,36.13,7,14,16.54,2,0
7090,36,7.11,67153,35.6,29,12,0.23,0,1
12637,60,18.14,128042,32.71,1,1,98.39,2,0
23415,60,21.44,74110,20.41,26,1,90.61,3,0
25071,60,12.61,33979,29.45,26,10,5.54,3,0
19271,60,20.51,130059,20.52,23,3,83.3,3,0
34434,60,24.29,128101,34.78,26,10,45.78,4,0
5188,36,9.08,48328,16.11,13,3,25.9,2,1
11161,60,15.47,132911,38.81,6,12,87.87,0,0
29732,36,10.74,32867,37.29,6,8,19.67,0,0
12314,36,20.86,79234,29.66,12,9,94.73,4,0
24954,36,16.55,45851,11.18,8,14,20.56,0,0
22508,36,17.69,51279,5.27,24,11,61.37,3,1
22969,60,20.96,137431,34.19,22,12,22.31,2,0
24061,36,12.92,116063,6.61,19,1,54.57,0,0
14716,36,23.3,93402,34.17,5,14,68.4,0,0
17907,60,15.66,35449,19.63,18,11,19.02,1,0
19777,60,8.16,96221,16.26,5,2,52.09,1,0
28693,60,18.92,109080,36.13,25,10,46.91,1,0
27329,36,20.87,25451,24.15,10,2,7.1,2,0
17282,60,11.34,107178,23.06,1,4,81.83,3,0
24624,60,22.14,61316,22.35,10,2,33.57,3,0
24321,36,23.12,83064,14.85,5,7,57.46,3,1
11488,60,10.54,83761,31.43,12,13,51.48,2,1
23574,60,24.67,125490,10.11,22,9,51.33,2,0
6240,60,7.81,58870,37.56,27,7,10.72,1,0
11478,60,9.04,116566,35.76,7,12,42.35,0,0
20262,36,8.68,143749,13.5,9,6,45.24,4,1
5432,60,22.88,143765,29.18,22,10,73.36,4,0
30721,60,18.09,144881,22.93,21,1,84.0,0,0
14568,36,8.04,50873,13.51,12,11,54.5,1,0
15178,60,13.81,148389,39.54,23,10,8.68,0,1
23195,36,17.31,78627,1.01,29,9,23.68,0,0
1302,60,6.67,86155,10.11,1,5,16.49,4,0
18022,36,22.65,119186,20.8,11,11,12.46,1,0
1055,36,21.07,45372,20.88,21,5,36.59,2,0
9717,36,15.1,23642,23.56,15,6,22.94,4,0
29699,36,24.34,149148,30.07,2,9,21.83,2,1
9150,60,13.36,48001,24.94,20,13,5.47,1,1
3125,36,24.68,54064,24.01,7,8,1.77,0,0
17748,60,18.36,114826,2.14,21,8,10.28,3,1
5621,36,17.69,34122,15.06,12,14,17.22,3,0
16034,36,8.32,44820,9.28,22,8,43.1,1,0
6126,36,22.64,88431,10.61,18,1,51.05,3,0
6122,60,13.55,75745,22.17,3,1,14.06,2,1
19030,36,8.24,70081,7.98,7,8,42.48,3,0
18302,60,5.25,90902,11.76,11,5,34.17,1,0
20181,60,16.2,28711,9.48,18,9,18.34,1,1
2531,60,15.55,105132,37.94,12,2,0.68,2,0
24333,60,19.39,38793,37.79,6,9,46.7,3,0
9152,60,22.81,28199,24.4,5,12,68.57,3,0
11267,60,6.59,96253,36.98,26,14,22.63,0,0
26289,60,19.63,56191,31.43,1,8,13.18,4,1
2062,60,8.75,30211,23.6,12,9,88.7,1,0
30926,60,22.16,131086,0.26,27,4,27.5,0,0
7229,36,21.38,83069,30.9,26,1,22.36,1,0
5632,36,15.82,108896,28.1,11,1,85.71,0,0
4596,36,19.2,76746,24.61,4,5,81.71,4,0
7168,36,11.29,41542,30.42,27,2,44.83,0,0
8561,36,14.42,51312,20.52,18,14,48.92,1,1
9258,60,21.43,65242,28.16,4,8,21.77,3,0
17616,60,14.19,121971,37.41,17,10,7.83,1,0
27734,60,12.16,113783,15.03,2,11,57.34,2,0
7371,60,14.88,145681,28.32,29,5,9.83,2,0
27069,60,21.56,107893,19.03,24,5,44.93,2,0
15369,60,11.7,75388,26.98,22,2,94.05,2,0
13910,60,8.48,126581,30.52,2,7,95.28,4,1
8943,36,19.24,47691,1.82,12,13,23.93,3,0
13199,36,21.52,97960,25.86,6,8,62.41,3,0
16728,36,7.01,104388,9.07,10,10,47.41,1,0
24275,36,9.8,42601,26.8,25,13,87.57,0,1
7738,60,7.84,138307,18.73,23,1,27.14,1,0
16913,60,11.96,38020,30.94,25,2,0.37,1,0
20123,60,14.01,28155,4.94,21,10,16.26,1,0
11167,36,19.98,89119,25.05,23,4,34.95,1,0
11554,60,18.02,101051,11.14,27,5,31.57,3,0
18260,60,17.42,56777,34.12,16,13,79.14,0,1
4812,60,12.05,39710,37.14,14,2,68.06,1,0
29024,36,21.83,128714,39.86,7,1,29.96,3,0
28285,60,14.43,44532,31.84,28,9,45.77,1,0
27900,36,24.58,148727,30.15,28,14,9.56,2,0
2605,36,17.68,38601,8.62,19,1,89.81,1,0
6622,36,7.53,83227,13.44,23,13,93.54,1,0
7767,36,18.52,24967,18.63,17,4,97.98,4,0
28139,60,11.5,104289,30.94,9,2,86.86,2,0
12613,36,18.73,40022,36.6,26,11,17.4,0,0
11589,36,6.39,63463,7.57,13,4,4.62,1,0
14918,60,8.5,94671,36.89,22,8,57.96,0,1
21119,60,22.11,25722,27.82,5,8,91.26,2,0
28446,36,9.54,47413,24.43,23,11,17.74,1,0
14046,60,21.74,112772,7.99,5,12,0.7,4,1
25818,36,10.59,101050,2.22,10,9,80.55,3,0
5324,36,17.86,129432,22.74,21,13,7.68,4,1
11787,36,18.88,122748,26.06,27,11,41.37,4,1
10111,36,15.25,125922,8.43,10,12,67.89,3,1
17389,60,11.11,105867,22.26,27,5,23.68,3,1
15043,36,9.25,103596,34.26,7,7,8.4,3,0
29746,60,5.66,86732,33.4,26,3,77.0,1,0
23350,60,11.08,32297,37.09,15,10,63.02,0,0
1117,60,18.06,88323,14.64,7,4,98.85,0,0
19935,60,23.77,43816,12.72,29,10,34.43,3,0
14234,36,22.42,144341,29.98,27,9,6.18,4,0
1846,60,20.32,60695,17.24,15,10,73.44,2,0
11954,36,20.77,39702,3.5,3,10,52.17,3,1
14703,60,18.3,45242,11.31,19,14,21.32,4,1
23700,60,10.21,75841,16.74,10,12,78.17,4,1
33043,36,23.14,148498,11.7,28,1,20.38,1,0
7469,36,18.41,87712,13.29,29,2,26.07,1,1
31105,36,16.21,105663,11.75,15,5,9.25,0,1
27386,60,7.22,127096,1.66,3,3,39.94,0,0
3048,60,13.94,112764,25.48,6,2,41.89,2,0
13941,36,14.21,73574,23.89,12,1,51.46,2,1
2828,36,22.29,105744,26.14,15,10,70.9,2,1
2917,36,15.93,48482,7.69,6,3,90.61,2,0
21618,36,12.61,29171,11.83,13,1,13.77,4,0
33254,60,24.54,120755,24.78,29,12,5.43,4,0
21128,36,7.21,118932,23.99,19,1,1.85,0,0
1009,36,13.45,128125,20.25,3,12,14.36,1,1
17644,36,5.84,126082,14.02,8,1,65.79,1,1
23422,36,19.8,23696,36.52,8,8,72.75,3,0
10865,60,23.36,146310,13.59,23,3,78.65,4,0
3219,36,10.6,40058,18.22,26,11,24.37,2,0
6287,60,22.17,40313,27.12,20,1,30.59,2,0
9512,36,10.84,39149,21.72,15,7,48.31,3,0
2342,36,23.22,73521,13.88,4,10,6.32,1,0
20216,60,20.08,65740,17.43,19,3,61.11,2,0
28534,36,21.1,126611,31.78,21,8,98.37,1,0
15231,60,5.36,24956,11.13,3,4,36.08,3,0
33293,60,24.26,95731,5.69,13,4,75.28,1,0
27614,36,19.53,102612,12.53,8,5,50.0,1,0
29253,60,11.1,137850,33.98,23,6,12.78,1,0
18988,60,21.59,86641,3.56,16,7,58.22,2,0
32037,60,10.63,83811,39.67,13,14,29.99,0,1
13219,60,22.46,72160,21.64,3,14,3.44,4,1
1235,60,7.25,71313,39.39,16,4,63.49,1,1
2908,60,19.07,83232,37.56,9,8,85.89,1,1
9567,60,15.81,35417,18.11,28,13,34.48,1,0
6256,60,6.93,44729,7.94,14,6,39.03,0,0
20019,36,9.84,132492,6.6,13,14,89.1,3,0
9162,36,5.25,50099,9.6,21,1,81.36,2,1
6415,60,14.38,138387,28.41,25,1,71.5,0,1
6951,36,11.03,118134,10.92,7,9,24.88,1,0
22852,60,16.97,49961,13.66,15,10,91.02,0,0
9007,60,10.94,32602,17.95,7,6,15.44,0,0
31523,36,11.0,138474,36.53,6,10,62.68,0,0
24325,60,19.86,29256,7.58,2,8,2.88,3,0
22204,60,5.96,106120,0.2,9,13,64.37,4,0
16524,60,23.06,132516,2.4,22,7,27.71,2,0
20282,60,22.05,54681,36.19,24,12,44.97,3,0
24930,36,18.36,111328,25.9,17,6,34.53,3,0
1077,60,16.86,107440,10.92,5,4,17.28,4,0
21611,60,22.85,84789,7.09,12,7,62.2,3,1
17984,60,8.71,63361,11.77,1,9,88.2,0,0
15060,36,6.58,84503,4.59,10,14,95.91,0,1
18449,60,9.79,54540,37.66,11,11,19.23,1,1
19520,36,20.89,46536,31.37,16,10,71.74,3,0
10510,36,5.69,104700,18.5,14,10,66.43,1,0
30287,60,16.66,83043,34.6,8,14,34.34,2,0
29173,60,24.91,98532,9.98,24,7,1.91,0,0
12954,36,22.11,76575,28.68,17,1,68.98,2,1
8804,60,15.43,147626,34.25,25,10,94.55,4,0
7565,36,6.27,22871,14.27,18,9,63.21,0,1
6984,36,21.63,66002,30.3,12,13,43.53,2,0
22526,60,16.98,69812,11.8,25,4,52.52,4,0
19574,60,7.3,42626,11.95,17,3,19.96,2,0
10184,36,6.88,79979,4.28,28,4,75.05,4,0
20096,36,23.19,96057,17.6,26,4,74.64,4,0
3192,36,18.38,146834,29.19,14,13,14.55,0,1
12246,36,21.59,128946,37.61,16,10,87.8,1,0
19381,60,22.58,86668,24.15,14,11,26.92,4,0
27727,60,16.44,119003,34.53,9,2,98.23,4,0
5018,60,15.35,100070,32.9,4,14,38.29,0,0
12302,60,13.61,109390,6.93,25,12,17.79,1,1
2970,60,11.34,62998,19.43,23,14,35.17,3,1
28202,36,13.69,83814,4.68,11,1,44.02,3,0
32110,60,20.48,124601,27.29,6,12,6.93,1,1
18586,60,17.04,65607,38.0,15,10,57.82,2,0
25519,60,22.85,27812,5.48,5,12,59.76,0,0
32273,60,13.87,81844,29.36,11,1,73.89,1,0
22951,60,17.14,90093,25.29,25,13,2.92,3,1
16374,36,17.63,22179,23.34,18,14,54.12,4,0
6788,36,16.83,63798,15.6,13,8,5.29,3,0
6408,36,19.05,94601,14.21,11,14,70.11,4,0
26053,60,9.75,28275,1.81,14,2,5.57,0,0
10446,36,15.25,70574,8.72,28,12,91.17,4,0
1922,36,7.08,67857,0.61,18,10,70.21,1,0
34187,60,12.69,145555,23.26,27,5,50.74,4,0
11789,60,14.75,121484,4.23,28,12,44.15,2,0
33184,60,18.04,40700,34.92,25,4,13.07,1,0
2120,36,24.01,146855,20.93,28,8,29.1,0,0
33154,36,17.01,59464,27.99,19,2,86.9,1,0
18334,60,19.87,62351,16.43,24,10,90.45,2,0
3336,60,15.13,113330,22.42,27,9,0.07,0,1
3243,36,17.68,114319,37.71,15,7,59.41,3,0
20029,36,6.42,102534,3.31,9,13,71.93,2,0
33265,60,10.09,33869,10.16,8,7,61.87,0,0
24710,60,12.24,80315,31.2,20,1,8.17,4,1
30486,36,14.45,130061,3.95,28,14,21.77,1,1
7371,60,5.91,113688,3.03,1,12,25.03,0,0
7359,36,7.8,40954,14.46,4,2,83.17,1,0
21103,36,10.54,51555,3.69,14,4,46.32,4,0
15382,36,24.43,83353,23.4,25,4,48.68,0,0
19755,36,11.63,102190,9.05,2,11,93.49,3,0
4756,60,14.64,65026,35.83,16,14,63.71,2,0
21609,60,8.92,120772,31.34,3,3,89.87,0,0
17478,36,17.22,66976,27.99,26,7,45.65,4,0
11147,36,10.61,100578,24.68,8,12,14.94,0,0
34561,36,9.14,111502,34.54,6,8,92.99,1,0
6779,36,15.33,133943,8.92,16,2,45.87,0,0
13298,36,5.11,129850,34.92,24,4,18.16,3,0
15153,60,5.15,65095,31.58,16,14,30.24,0,0
11789,60,9.38,34270,29.93,7,3,5.08,2,0
13999,60,5.73,50908,22.45,13,2,46.83,0,0
1814,60,7.16,35523,9.85,13,12,85.31,1,0
11541,36,11.78,82433,16.94,5,13,93.36,0,0
25938,36,21.05,67068,31.74,25,14,93.26,3,0
3443,36,16.44,39991,1.27,20,6,12.52,4,0
11457,36,15.25,30775,31.28,22,13,38.21,0,0
11380,36,10.87,97801,9.6,18,4,2.82,0,0
8783,60,23.64,104995,5.77,15,6,85.52,2,0
18368,36,12.94,81250,4.63,18,2,35.88,3,0
16328,60,6.74,36673,1.09,2,12,63.11,4,0
27215,60,17.34,142808,20.94,10,4,71.49,1,0
34595,60,7.28,47056,8.73,23,11,42.98,0,0
28306,60,11.9,26614,39.58,13,6,30.64,4,1
20915,36,15.15,121556,22.98,18,14,96.22,1,0
16343,60,22.48,27415,5.52,15,5,96.45,3,0
1126,60,14.87,108691,27.55,12,3,28.94,3,0
28632,60,19.05,134966,35.91,15,8,47.96,4,0
21530,36,24.86,63884,29.81,13,7,97.28,1,1
4368,36,7.63,36964,3.06,18,3,0.49,3,0
4797,36,10.49,57726,35.84,15,6,41.27,4,1
14718,60,12.89,143133,31.76,25,4,10.05,3,0
12053,60,13.44,57044,6.33,23,11,50.92,3,0
23116,36,13.22,77149,2.07,11,5,2.47,3,1
2645,60,23.15,57544,22.29,19,11,40.69,2,0
20256,36,19.28,69976,6.24,3,5,22.07,1,0
3708,36,17.16,52252,33.38,7,7,53.33,4,0
12694,60,11.19,23832,14.33,21,11,99.6,4,0
10524,60,21.48,110811,36.52,26,5,80.05,1,0
32880,60,24.1,100437,22.63,14,11,84.56,1,0
33409,60,21.42,123749,7.31,14,3,63.53,1,0
14224,36,5.03,54148,5.58,22,10,4.16,1,1
26150,36,17.73,81240,23.06,13,5,20.68,0,1
8973,36,6.02,128169,30.48,12,7,92.51,4,0
9577,36,10.15,145607,31.26,24,5,36.61,0,0
9070,36,6.19,108454,11.03,9,5,10.36,3,0
9666,60,17.08,132230,8.17,1,9,70.24,3,0
7783,36,18.73,148933,0.67,19,3,29.95,4,1
5971,36,7.29,105076,27.17,11,13,26.89,3,0
14490,36,12.68,97116,3.06,23,6,99.8,1,0
2990,60,14.12,73459,16.83,22,1,85.81,0,1
6299,60,12.38,58402,24.07,23,10,40.79,1,1
20956,60,7.42,77727,37.48,24,5,98.03,3,0
23359,60,13.38,58578,12.47,22,8,65.01,0,0
29734,36,20.02,110453,9.99,19,5,74.2,1,0
5757,36,6.42,42318,26.17,18,9,3.15,4,1
20097,60,6.6,95715,24.77,12,11,12.16,1,0
11395,60,12.1,97787,13.28,23,6,63.31,3,0
17241,36,23.83,131435,37.12,28,8,89.9,0,0
28696,36,18.37,105029,33.79,28,10,62.37,4,0
5944,60,18.57,40466,8.96,28,8,13.4,0,0
20816,60,12.24,115742,9.57,27,13,11.58,4,1
25917,60,16.87,65475,20.49,1,3,84.42,0,1
32195,60,5.2,80142,30.94,19,7,13.93,3,1
22566,36,17.72,105160,1.76,28,14,52.02,4,0
10916,36,23.27,46564,27.73,27,7,3.71,2,0
21806,36,17.25,42412,25.93,20,14,8.07,0,1
10984,60,22.47,113526,9.26,29,10,67.23,0,0
2759,60,19.48,71001,27.25,17,12,68.92,1,0
27838,36,7.41,77649,37.61,5,6,34.15,4,0
3482,36,23.05,80957,1.87,26,12,21.56,2,1
25442,36,6.33,55517,12.79,3,7,81.37,3,0
34719,36,15.68,33156,17.53,2,14,21.71,1,1
28965,60,7.84,43064,35.97,3,2,54.2,2,0
3079,36,5.23,45711,38.49,8,9,96.82,4,0
3717,36,13.44,50106,17.76,16,10,14.79,2,0
28952,36,10.9,85458,30.0,6,10,94.09,0,0
21908,36,14.72,36589,21.27,13,1,18.29,0,0
25861,36,16.54,109272,21.51,23,1,56.74,1,1
8311,36,5.87,106511,11.12,28,3,37.7,4,0
29071,36,7.46,121754,8.68,22,14,96.49,4,0
24570,60,16.17,27214,11.52,22,3,27.35,2,0
19449,60,11.86,116117,22.25,16,1,39.97,1,0
34536,60,19.58,105731,1.17,28,12,98.29,4,0
29865,60,18.05,130118,36.29,16,7,53.65,0,0
7645,36,21.91,146479,6.25,3,4,50.26,2,1
27737,60,18.85,47127,8.8,28,10,25.78,3,0
12485,60,13.6,25141,20.73,13,13,70.14,0,0
26522,36,18.46,48884,28.4,14,2,1.44,1,0
13342,36,10.51,110421,3.83,8,10,4.95,4,0
14087,60,11.13,22708,12.71,12,5,59.94,0,1
11093,60,20.78,38375,38.75,23,6,34.17,3,0
17438,36,13.93,35088,10.49,23,9,95.33,3,1
27399,60,20.97,77615,12.52,22,4,90.32,1,0
20846,36,21.45,130138,33.46,21,2,71.37,0,0
16708,36,22.15,65046,2.01,26,5,81.81,2,1
11998,36,23.33,30014,18.58,8,3,66.73,0,0
31678,36,13.62,84425,15.18,21,2,12.56,3,0
11682,60,11.38,23273,12.66,25,12,76.55,1,0
9519,36,16.64,67135,11.43,9,1,21.02,1,1
32480,36,12.42,122842,3.65,1,10,32.34,2,0
20694,60,17.02,50881,12.59,6,2,81.92,1,0
4300,36,19.11,117022,1.72,23,6,53.65,1,0
7722,60,18.77,98077,31.24,19,8,85.99,1,0
25160,60,12.49,28712,15.93,23,13,21.3,1,1
21059,60,8.34,94704,17.76,11,3,60.78,1,0
14575,36,13.61,72874,35.74,11,11,8.38,3,0
8970,60,7.85,89087,26.32,23,9,64.31,0,1
22591,60,22.8,32297,0.32,13,12,76.25,4,0
32821,36,11.92,129269,37.73,11,9,58.49,1,0
10503,60,8.09,47128,9.49,18,2,26.62,4,0
19922,60,5.51,88368,4.3,23,8,3.13,4,0
13175,60,17.92,114019,30.73,15,10,11.94,3,0
22389,60,17.74,107599,20.02,1,11,62.23,1,0
1822,60,11.81,108499,17.35,21,12,93.44,4,0
18327,36,6.43,98958,9.98,25,5,20.65,1,0
7150,60,13.19,52920,21.9,7,4,73.5,2,0
5425,60,11.22,140442,10.98,23,10,86.65,2,0
17032,36,18.54,31156,36.06,27,5,52.09,2,0
3198,36,17.12,31108,8.61,13,4,66.93,4,1
21079,36,12.29,51845,35.37,12,8,81.5,2,0
14859,60,9.36,22800,22.38,18,4,26.07,3,0
32419,36,24.76,148832,33.14,24,13,29.69,3,0
9705,60,14.08,123614,28.51,19,10,0.06,4,1
24236,60,18.77,62712,27.87,15,12,96.31,1,1
23419,36,7.81,22610,12.97,8,13,91.75,0,0
20978,36,14.71,97603,9.36,19,14,76.46,1,0
16358,60,5.55,53872,8.44,10,6,7.91,1,0
30378,36,15.11,30728,34.29,7,2,44.75,1,0
12382,60,24.28,115102,32.82,18,5,10.19,1,0
15596,36,12.68,115319,17.62,16,6,1.59,0,1
34572,36,5.78,142049,5.3,20,5,61.62,2,0
14221,36,5.62,40583,15.29,27,12,96.08,1,0
2279,60,12.76,105774,24.77,6,2,90.29,3,0
8083,36,8.2,27263,18.18,27,14,69.68,4,0
18771,60,5.47,146374,31.21,9,7,9.66,4,1
30975,60,20.12,87450,39.9,21,4,27.42,3,1
20063,60,14.17,109285,7.65,13,8,32.01,1,0
3106,60,10.78,39456,18.39,25,7,76.32,0,0
25557,36,23.0,111118,17.24,21,7,80.22,2,0
21607,60,7.32,85942,12.18,26,9,38.51,4,0
29529,60,24.12,33689,7.92,8,1,41.79,2,0
28856,36,11.28,52934,2.63,16,10,4.45,0,0
3573,60,22.77,53276,35.48,13,6,28.91,4,1
13808,36,17.06,136349,16.79,13,6,45.13,2,0
24752,60,21.53,149336,19.88,17,6,11.7,0,1
18685,36,24.68,121968,36.68,23,13,45.33,2,0
12372,60,10.77,39873,31.05,20,12,85.32,1,1
9996,36,24.22,33050,5.22,5,6,58.13,0,0
17458,60,12.79,86216,22.62,22,12,7.89,2,0
32889,60,12.71,104444,17.69,21,10,19.17,1,0
27665,36,11.81,104040,31.89,28,7,47.45,1,1
32653,36,15.83,41644,28.97,17,14,36.15,0,0
27657,36,8.08,82021,27.62,28,10,35.87,3,0
23180,36,16.07,57125,13.62,9,6,52.93,4,0
32896,60,15.83,86899,32.2,2,1,58.44,0,0
13875,60,20.24,62291,2.1,25,3,79.69,1,0
2622,36,21.67,55060,6.38,26,2,34.1,1,1
17725,60,13.81,21538,13.42,18,6,80.55,0,0
16646,36,11.05,56176,3.07,9,8,33.86,3,0
18029,36,10.19,142430,9.4,6,3,5.54,4,0
30402,60,8.89,61520,33.21,11,10,55.42,2,0
5263,60,6.15,45675,37.93,25,8,58.79,0,0
31987,60,11.85,38287,12.18,29,8,93.45,4,0
9646,60,10.4,20174,10.58,6,5,72.61,4,0
28529,60,24.33,112268,11.2,6,8,91.78,1,0
12664,60,16.15,54998,11.11,13,6,90.83,2,1
25027,60,11.95,122591,1.44,11,5,60.46,0,0
30373,36,16.61,73312,37.08,14,9,52.78,1,0
21609,36,7.78,32112,8.55,2,14,55.74,1,0
20250,36,13.88,125410,16.8,8,7,97.83,3,0
22172,36,17.52,95225,0.39,3,8,77.32,4,0
12555,36,14.78,64814,34.32,23,1,10.63,0,0
22874,60,13.04,105091,29.25,21,11,77.84,0,1
14081,36,24.88,70719,37.87,3,2,17.05,0,0
25063,36,22.61,149887,31.26,1,8,44.74,1,0
7819,36,17.47,53919,12.55,24,12,21.05,3,0
26712,36,16.39,93155,9.91,19,9,68.96,2,0
25762,36,17.41,91569,27.91,18,4,87.73,1,0
12046,36,9.03,61328,14.56,17,12,29.04,2,0
32463,36,12.9,90482,22.65,20,10,8.2,3,0
29769,60,5.79,44618,0.25,29,11,29.85,4,0
24150,60,14.51,54675,2.48,24,10,67.24,0,0
3711,36,15.86,121794,21.41,13,14,32.88,2,0
5853,60,9.55,38919,22.64,3,9,27.81,1,0
30077,60,24.28,24173,30.06,1,4,18.44,2,0
24863,60,23.19,129369,5.28,4,10,49.75,4,1
22792,60,19.44,46400,20.53,25,10,27.59,0,0
9942,36,15.67,70445,7.78,13,10,73.1,2,0
2762,60,22.4,90305,3.73,17,9,7.66,4,1
32987,60,7.61,57564,16.42,28,11,66.4,1,0
